[
  {
    "id": "admin",
    "password": 12345678,
    "isActive": true,
    "age": 23,
    "eyeColor": "brown",
    "name": "Marquez Mcgowan",
    "gender": "male",
    "company": "VANTAGE",
    "email": "marquezmcgowan@vantage.com",
    "phone": "+1 (937) 566-3469",
    "address": "678 Balfour Place, Ferney, Maine, 1363",
    "latitude": 60.925891,
    "longitude": -87.383894
  },
  {
    "id": "again",
    "password": 74544406,
    "isActive": true,
    "age": 39,
    "eyeColor": "green",
    "name": "Susie Williamson",
    "gender": "female",
    "company": "PLASTO",
    "email": "susiewilliamson@plasto.com",
    "phone": "+1 (802) 437-3144",
    "address": "171 Jackson Street, Diaperville, Georgia, 1940",
    "latitude": 5.816095,
    "longitude": -161.902787
  },
  {
    "id": "putting",
    "password": 37091836,
    "isActive": true,
    "age": 25,
    "eyeColor": "blue",
    "name": "Merrill Mcknight",
    "gender": "male",
    "company": "EQUICOM",
    "email": "merrillmcknight@equicom.com",
    "phone": "+1 (864) 443-2085",
    "address": "836 Dover Street, Cornfields, Tennessee, 3391",
    "latitude": -9.594242,
    "longitude": -90.083725
  },
  {
    "id": "ought",
    "password": 93579556,
    "isActive": true,
    "age": 25,
    "eyeColor": "brown",
    "name": "Nannie Ross",
    "gender": "female",
    "company": "JUMPSTACK",
    "email": "nannieross@jumpstack.com",
    "phone": "+1 (875) 445-3809",
    "address": "190 Auburn Place, Muse, Wyoming, 9428",
    "latitude": -8.230206,
    "longitude": 1.110185
  },
  {
    "id": "finally",
    "password": 96550361,
    "isActive": true,
    "age": 40,
    "eyeColor": "blue",
    "name": "Tran Gonzalez",
    "gender": "male",
    "company": "SENMAO",
    "email": "trangonzalez@senmao.com",
    "phone": "+1 (980) 554-2599",
    "address": "859 Woodpoint Road, Retsof, Kansas, 7122",
    "latitude": 77.40792,
    "longitude": 137.59362
  }
]